# ************************************************************
# Sequel Pro SQL dump
# Version 4541
#
# http://www.sequelpro.com/
# https://github.com/sequelpro/sequelpro
#
# Host: 127.0.0.1 (MySQL 5.5.42)
# Database: handlemail
# Generation Time: 2017-06-12 00:35:40 +0000
# ************************************************************


/*!40101 SET @OLD_CHARACTER_SET_CLIENT=@@CHARACTER_SET_CLIENT */;
/*!40101 SET @OLD_CHARACTER_SET_RESULTS=@@CHARACTER_SET_RESULTS */;
/*!40101 SET @OLD_COLLATION_CONNECTION=@@COLLATION_CONNECTION */;
/*!40101 SET NAMES utf8 */;
/*!40014 SET @OLD_FOREIGN_KEY_CHECKS=@@FOREIGN_KEY_CHECKS, FOREIGN_KEY_CHECKS=0 */;
/*!40101 SET @OLD_SQL_MODE=@@SQL_MODE, SQL_MODE='NO_AUTO_VALUE_ON_ZERO' */;
/*!40111 SET @OLD_SQL_NOTES=@@SQL_NOTES, SQL_NOTES=0 */;


# Dump of table Accounts
# ------------------------------------------------------------

DROP TABLE IF EXISTS `Accounts`;

CREATE TABLE `Accounts` (
  `IdAccount` int(11) NOT NULL AUTO_INCREMENT,
  `NameAccount` varchar(255) DEFAULT NULL,
  `TaxId` varchar(255) DEFAULT NULL,
  `Address1` varchar(255) DEFAULT NULL,
  `Address2` varchar(45) DEFAULT NULL,
  `NameCity` varchar(155) DEFAULT NULL,
  `ZipCode` varchar(105) DEFAULT NULL,
  PRIMARY KEY (`IdAccount`)
) ENGINE=InnoDB DEFAULT CHARSET=latin1;

LOCK TABLES `Accounts` WRITE;
/*!40000 ALTER TABLE `Accounts` DISABLE KEYS */;

INSERT INTO `Accounts` (`IdAccount`, `NameAccount`, `TaxId`, `Address1`, `Address2`, `NameCity`, `ZipCode`)
VALUES
	(1,'Conta 1','32.232.322/3322-32','Rua Francisco dos Santos Bruno, 77','','São Paulo','02518-070'),
	(3,'Conta 2','23.233.232/2332-23','pesquisando...','','pesquisando...','23232-323');

/*!40000 ALTER TABLE `Accounts` ENABLE KEYS */;
UNLOCK TABLES;


# Dump of table Countrys
# ------------------------------------------------------------

DROP TABLE IF EXISTS `Countrys`;

CREATE TABLE `Countrys` (
  `IdCountry` int(11) NOT NULL AUTO_INCREMENT,
  `NameCountry` varchar(255) DEFAULT NULL,
  `TaxIdName` varchar(155) DEFAULT NULL,
  PRIMARY KEY (`IdCountry`)
) ENGINE=InnoDB DEFAULT CHARSET=latin1;

LOCK TABLES `Countrys` WRITE;
/*!40000 ALTER TABLE `Countrys` DISABLE KEYS */;

INSERT INTO `Countrys` (`IdCountry`, `NameCountry`, `TaxIdName`)
VALUES
	(1,'Afeganistão',NULL),
	(2,'África do Sul',NULL),
	(3,'Albânia',NULL),
	(4,'Alemanha',NULL),
	(5,'Andorra',NULL),
	(6,'Angola',NULL),
	(7,'Antigua e Barbuda',NULL),
	(8,'Arábia Saudita',NULL),
	(9,'Argélia',NULL),
	(10,'Argentina',NULL),
	(11,'Arménia',NULL),
	(12,'Austrália',NULL),
	(13,'Áustria',NULL),
	(14,'Azerbaijão',NULL),
	(15,'Bahamas',NULL),
	(16,'Bangladesh',NULL),
	(17,'Barbados',NULL),
	(18,'Barém',NULL),
	(19,'Bélgica',NULL),
	(20,'Belize',NULL),
	(21,'Benin',NULL),
	(22,'Bielorrússia',NULL),
	(23,'Bolívia',NULL),
	(24,'Bósnia e Herzegovina',NULL),
	(25,'Botswana',NULL),
	(26,'Brasil',NULL),
	(27,'Brunei',NULL),
	(28,'Bulgária',NULL),
	(29,'Burquina Faso',NULL),
	(30,'Burúndi',NULL),
	(31,'Butão',NULL),
	(32,'Cabo Verde',NULL),
	(33,'Camarões',NULL),
	(34,'Camboja',NULL),
	(35,'Canadá',NULL),
	(36,'Catar',NULL),
	(37,'Cazaquistão',NULL),
	(38,'Chade',NULL),
	(39,'Chile',NULL),
	(40,'China',NULL),
	(41,'Chipre',NULL),
	(42,'Colômbia',NULL),
	(43,'Comores',NULL),
	(44,'Congo-Brazzaville',NULL),
	(45,'Coreia do Norte',NULL),
	(46,'Coreia do Sul',NULL),
	(47,'Kosovo',NULL),
	(48,'Costa do Marfim',NULL),
	(49,'Costa Rica',NULL),
	(50,'Croácia',NULL),
	(51,'Kuwait',NULL),
	(52,'Cuba',NULL),
	(53,'Dinamarca',NULL),
	(54,'Dominica',NULL),
	(55,'Egito',NULL),
	(56,'Emirados Árabes Unidos',NULL),
	(57,'Equador',NULL),
	(58,'Eritreia',NULL),
	(59,'Eslováquia',NULL),
	(60,'Eslovénia',NULL),
	(61,'Espanha',NULL),
	(62,'Estado da Palestina',NULL),
	(63,'Estados Unidos',NULL),
	(64,'Estónia',NULL),
	(65,'Etiópia',NULL),
	(66,'Fiji',NULL),
	(67,'Filipinas',NULL),
	(68,'Finlândia',NULL),
	(69,'França',NULL),
	(70,'Gabão',NULL),
	(71,'Gâmbia',NULL),
	(72,'Gana',NULL),
	(73,'Geórgia',NULL),
	(74,'Granada',NULL),
	(75,'Grécia',NULL),
	(76,'Guatemala',NULL),
	(77,'Guiana',NULL),
	(78,'Guiné',NULL),
	(79,'Guiné Equatorial',NULL),
	(80,'Guiné-Bissau',NULL),
	(81,'Haiti',NULL),
	(82,'Honduras',NULL),
	(83,'Hungria',NULL),
	(84,'Iémen',NULL),
	(85,'Ilhas Marechal',NULL),
	(86,'Índia',NULL),
	(87,'Indonésia',NULL),
	(88,'Irão',NULL),
	(89,'Iraque',NULL),
	(90,'Irlanda',NULL),
	(91,'Islândia',NULL),
	(92,'Israel',NULL),
	(93,'Itália',NULL),
	(94,'Jamaica',NULL),
	(95,'Japão',NULL),
	(96,'Jibuti',NULL),
	(97,'Jordânia',NULL),
	(98,'Laus',NULL),
	(99,'Lesoto',NULL),
	(100,'Letónia',NULL),
	(101,'Líbano',NULL),
	(102,'Libéria',NULL),
	(103,'Líbia',NULL),
	(104,'Listenstaine',NULL),
	(105,'Lituânia',NULL),
	(106,'Luxemburgo',NULL),
	(107,'Macedónia',NULL),
	(108,'Madagáscar',NULL),
	(109,'Malásia',NULL),
	(110,'Maláui',NULL),
	(111,'Maldivas',NULL),
	(112,'Mali',NULL),
	(113,'Malta',NULL),
	(114,'Marrocos',NULL),
	(115,'Maurícia',NULL),
	(116,'Mauritânia',NULL),
	(117,'México',NULL),
	(118,'Mianmar',NULL),
	(119,'Micronésia',NULL),
	(120,'Moçambique',NULL),
	(121,'Moldávia',NULL),
	(122,'Mónaco',NULL),
	(123,'Mongólia',NULL),
	(124,'Montenegro',NULL),
	(125,'Namíbia',NULL),
	(126,'Nauru',NULL),
	(127,'Nepal',NULL),
	(128,'Nicarágua',NULL),
	(129,'Níger',NULL),
	(130,'Nigéria',NULL),
	(131,'Noruega',NULL),
	(132,'Nova Zelândia',NULL),
	(133,'Omã',NULL),
	(134,'Países Baixos',NULL),
	(135,'Palau',NULL),
	(136,'Panamá',NULL),
	(137,'Papua Nova Guiné',NULL),
	(138,'Paquistão',NULL),
	(139,'Paraguai',NULL),
	(140,'Peru',NULL),
	(141,'Polónia',NULL),
	(142,'Portugal',NULL),
	(143,'Quénia',NULL),
	(144,'Quirguistão',NULL),
	(145,'Quiribáti',NULL),
	(146,'Reino Unido',NULL),
	(147,'República Centro-Africana',NULL),
	(148,'República Checa',NULL),
	(149,'República Democrática do Congo',NULL),
	(150,'República Dominicana',NULL),
	(151,'Roménia',NULL),
	(152,'Ruanda',NULL),
	(153,'Rússia',NULL),
	(154,'Salomão',NULL),
	(155,'Salvador',NULL),
	(156,'Samoa',NULL),
	(157,'Santa Lúcia',NULL),
	(158,'São Cristóvão e Neves',NULL),
	(159,'São Marinho',NULL),
	(160,'São Tomé e Príncipe',NULL),
	(161,'São Vicente e Granadinas',NULL),
	(162,'Seicheles',NULL),
	(163,'Senegal',NULL),
	(164,'Serra Leoa',NULL),
	(165,'Sérvia',NULL),
	(166,'Singapura',NULL),
	(167,'Síria',NULL),
	(168,'Somália',NULL),
	(169,'Sri Lanca',NULL),
	(170,'Suazilândia',NULL),
	(171,'Sudão',NULL),
	(172,'Sudão do Sul',NULL),
	(173,'Suécia',NULL),
	(174,'Suíça',NULL),
	(175,'Tailândia',NULL),
	(176,'Taiuã',NULL),
	(177,'Tajiquistão',NULL),
	(178,'Tanzânia',NULL),
	(179,'Timor-Leste',NULL),
	(180,'Togo',NULL),
	(181,'Tonga',NULL),
	(182,'Trindade e Tobago',NULL),
	(183,'Tunísia',NULL),
	(184,'Turcomenistão',NULL),
	(185,'Turquia',NULL),
	(186,'Tuvalu',NULL),
	(187,'Ucrânia',NULL),
	(188,'Uganda',NULL),
	(189,'Uruguai',NULL),
	(190,'Usbequistão',NULL),
	(191,'Vanuatu',NULL),
	(192,'Vaticano',NULL),
	(193,'Venezuela',NULL),
	(194,'Vietname',NULL),
	(195,'Zâmbia',NULL),
	(196,'Zimbábue',NULL);

/*!40000 ALTER TABLE `Countrys` ENABLE KEYS */;
UNLOCK TABLES;


# Dump of table Emails
# ------------------------------------------------------------

DROP TABLE IF EXISTS `Emails`;

CREATE TABLE `Emails` (
  `IdEmail` int(11) NOT NULL AUTO_INCREMENT,
  `Email` varchar(100) DEFAULT NULL,
  `DtRegister` date DEFAULT NULL,
  `EmailFrom` varchar(100) DEFAULT NULL,
  `IdUser` int(11) NOT NULL,
  PRIMARY KEY (`IdEmail`),
  KEY `IdUser` (`IdUser`),
  CONSTRAINT `TB_Email_ibfk_1` FOREIGN KEY (`IdUser`) REFERENCES `TB_User` (`IdUser`) ON DELETE CASCADE ON UPDATE CASCADE
) ENGINE=InnoDB DEFAULT CHARSET=latin1;

LOCK TABLES `Emails` WRITE;
/*!40000 ALTER TABLE `Emails` DISABLE KEYS */;

INSERT INTO `Emails` (`IdEmail`, `Email`, `DtRegister`, `EmailFrom`, `IdUser`)
VALUES
	(2,'rbissiguini@caloi.com','2017-06-01','comercial@procti.com.br',1),
	(3,'dmendes@caloi.com','2017-06-01','comercial@procti.com.br',1),
	(4,'jrludgero@caloi.com','2017-06-01','comercial@procti.com.br',1),
	(5,'arthur.b.santos@diageo.com','2017-06-01','comercial@procti.com.br',1),
	(6,'caio.paula@gea.com','2017-06-01','comercial@procti.com.br',1),
	(7,'walter.schulzke@geagroup.com','2017-06-01','comercial@procti.com.br',1),
	(8,'harold.groenitz@geagroup.com','2017-06-01','comercial@procti.com.br',1),
	(9,'paula.pereira@geagroup.com','2017-06-01','comercial@procti.com.br',1),
	(10,'luc.raeymaekers@heraeus.com','2017-06-01','comercial@procti.com.br',1),
	(11,'joao.goncalves@heraeus.com','2017-06-01','comercial@procti.com.br',1),
	(12,'r.schorscher@niehoff.com.br','2017-06-01','comercial@procti.com.br',1),
	(13,'r.schorscher@niehoff.com.br','2017-06-01','comercial@procti.com.br',1),
	(14,'eduardo.kondo@sandoz.com','2017-06-01','comercial@procti.com.br',1),
	(15,'vprestes@abril.com.br','2017-06-01','comercial@procti.com.br',1),
	(16,'aantunes@abril.com.br','2017-06-01','suporte@procti.com.br',2),
	(17,'ernesto.k.umemura@monsanto.com','2017-06-01','suporte@procti.com.br',2),
	(18,'ono.ls@starrett.com.br','2017-06-01','suporte@procti.com.br',2),
	(19,'cleber.rodrigues@pellegrino.com.br','2017-06-02','suporte@procti.com.br',2),
	(20,'albertino.brandao@rexam.com','2017-06-02','suporte@procti.com.br',2),
	(21,'rogerio.silva@rexam.com','2017-06-02','suporte@procti.com.br',2),
	(22,'daniel.nunes@durr.com.br','2017-06-02','suporte@procti.com.br',2),
	(23,'daniel.nunes@durr.com.br','2017-06-02','suporte@procti.com.br',2),
	(24,'arthur.b.santos@diageo.com','2017-06-02','suporte@procti.com.br',2),
	(25,'walter.schulzke@geagroup.com','2017-06-02','suporte@procti.com.br',2),
	(26,'harold.groenitz@geagroup.com','2017-06-02','suporte@procti.com.br',2),
	(27,'caio.paula@gea.com','2017-06-02','suporte@procti.com.br',2),
	(28,'luc.raeymaekers@heraeus.com','2017-06-02','suporte@procti.com.br',2),
	(29,'joao.goncalves@heraeus.com','2017-06-03','suporte@procti.com.br',2),
	(30,'cristovao.siqueira@heraeus.com','2017-06-03','suporte@procti.com.br',2),
	(31,'r.schorscher@niehoff.com.br','2017-06-03','suporte@procti.com.br',2),
	(32,'r.schorscher@niehoff.com.br','2017-06-03','suporte@procti.com.br',2),
	(33,'r.schorscher@niehoff.com.br','2017-06-03','suporte@procti.com.br',2),
	(34,'r.schorscher@niehoff.com.br','2017-06-03','suporte@procti.com.br',2),
	(35,'aguinaldo@lenovo.com','2017-06-03','suporte@procti.com.br',2),
	(36,'cleber.rodrigues@pellegrino.com.br','2017-06-03','suporte@procti.com.br',2),
	(37,'msaito@grupobimbo.com','2017-06-03','comercial@procti.com.br',3),
	(38,'daniel.nunes@durr.com.br','2017-06-03','comercial@procti.com.br',3),
	(39,'harold.groenitz@geagroup.com','2017-06-03','comercial@procti.com.br',3),
	(40,'walter.schulzke@geagroup.com','2017-06-03','comercial@procti.com.br',3),
	(41,'paula.pereira@geagroup.com','2017-06-03','comercial@procti.com.br',3),
	(42,'caio.paula@gea.com','2017-06-03','comercial@procti.com.br',3),
	(43,'luc.raeymaekers@heraeus.com','2017-06-03','comercial@procti.com.br',3),
	(44,'joao.goncalves@heraeus.com','2017-06-03','comercial@procti.com.br',3),
	(45,'cristovao.siqueira@heraeus.com','2017-06-03','comercial@procti.com.br',3),
	(46,'r.schorscher@niehoff.com.br','2017-06-03','comercial@procti.com.br',3),
	(47,'r.schorscher@niehoff.com.br','2017-06-03','comercial@procti.com.br',3),
	(48,'osilene.estevao@bonfiglioli.co','2017-06-03','comercial@procti.com.br',3),
	(49,'erenoe@aam.com','2017-06-03','comercial@procti.com.br',3),
	(50,'Helberth.Amaral@akzonobel.com','2017-06-03','comercial@procti.com.br',3),
	(51,'emerson.zanini@akzonobel.com','2017-06-03','comercial@procti.com.br',3),
	(52,'arlos.bueno@alatur.com','2017-06-03','comercial@procti.com.br',3),
	(53,'ricardo.katsuragi@alcatel.com.br','2017-06-03','comercial@procti.com.br',3),
	(54,'eraldo.benazzi@alcan.com','2017-06-03','comercial@procti.com.br',3),
	(55,'mtanaka@alcatel.com.br','2017-06-03','comercial@procti.com.br',3),
	(56,'santana_andre@allergan.com','2017-06-03','comercial@procti.com.br',3),
	(57,'isabelle.chatain@allevard-rejna.com','2017-06-03','comercial@procti.com.br',3),
	(58,'Marcio.saito@altanapharma.com.br','2017-06-03','comercial@procti.com.br',3),
	(59,'surjb@ambev.com.br','2017-06-03','comercial@procti.com.br',3),
	(60,'carolina.alencar@ambev.com.br','2017-06-03','comercial@procti.com.br',3),
	(61,'centrodeconvivencia@amejp.org.br','2017-06-03','comercial@procti.com.br',3),
	(62,'ucosta@americel.com.br','2017-06-03','comercial@procti.com.br',3),
	(63,'murad.sp@anaconda.com.br','2017-06-03','comercial@procti.com.br',3),
	(64,'heraldo.olah@cooperindustries.com','2017-06-03','comercial@procti.com.br',3),
	(65,'Celso.Moraes@cooperindustries.com','2017-06-03','comercial@procti.com.br',3),
	(66,'Glenn.Gunter@cooperindustries.com','2017-06-03','comercial@procti.com.br',3),
	(67,'cristovao.siqueira@heraeus.com','2017-06-03','comercial@procti.com.br',3),
	(68,'paula.pereira@geagroup.com','2017-06-03','comercial@procti.com.br',3),
	(69,'fcoelho@arauco.com.br','2017-06-03','comercial@procti.com.br',3),
	(70,'mtoews@arauco.com.br','2017-06-03','comercial@procti.com.br',3),
	(71,'pedromarques@uniparcarbocloro.com.br','2017-06-03','comercial@procti.com.br',3),
	(72,'eleal@casteloalimentos.com.br','2017-06-03','comercial@procti.com.br',3),
	(73,'daniel.carvalho@arcelormittal.com.br','2017-06-03','rh@procti.com.br',4),
	(74,'sandra.heck@artecola.com.br','2017-06-03','rh@procti.com.br',4),
	(75,'wallace.voll@artsana.com','2017-06-04','rh@procti.com.br',4),
	(76,'eber.coelho@artsana.com','2017-06-04','rh@procti.com.br',4),
	(77,'bgranata@autosueco.com.br','2017-06-04','rh@procti.com.br',4),
	(78,'ecorreia@autosueco.com.br','2017-06-04','rh@procti.com.br',4),
	(79,'fabio.drudi@astrazeneca.com','2017-06-04','rh@procti.com.br',4),
	(80,'renato.camargo@atento.com.br','2017-06-04','rh@procti.com.br',4),
	(81,'bruno.reis@atento.com.br','2017-06-04','rh@procti.com.br',4),
	(82,'nathalia.albuquerque@gcb.com.br','2017-06-04','rh@procti.com.br',4),
	(83,'flavio.santos@rendimento.com.br','2017-06-04','rh@procti.com.br',4),
	(84,'leandro.waideman@safra.com.br','2017-06-04','rh@procti.com.br',4),
	(85,'marcelo.araujo@safra.com.br','2017-06-04','rh@procti.com.br',4),
	(87,'rbissiguini@caloi.com','2017-06-01','comercial@procti.com.br',1),
	(88,'dmendes@caloi.com','2017-06-01','comercial@procti.com.br',1),
	(89,'jrludgero@caloi.com','2017-06-01','comercial@procti.com.br',1),
	(90,'arthur.b.santos@diageo.com','2017-06-01','comercial@procti.com.br',1),
	(91,'caio.paula@gea.com','2017-06-01','comercial@procti.com.br',1),
	(92,'walter.schulzke@geagroup.com','2017-06-01','comercial@procti.com.br',1),
	(93,'harold.groenitz@geagroup.com','2017-06-01','comercial@procti.com.br',1),
	(94,'paula.pereira@geagroup.com','2017-06-01','comercial@procti.com.br',1),
	(95,'luc.raeymaekers@heraeus.com','2017-06-01','comercial@procti.com.br',1),
	(96,'joao.goncalves@heraeus.com','2017-06-01','comercial@procti.com.br',1),
	(97,'r.schorscher@niehoff.com.br','2017-06-01','comercial@procti.com.br',1),
	(98,'r.schorscher@niehoff.com.br','2017-06-01','comercial@procti.com.br',1),
	(99,'eduardo.kondo@sandoz.com','2017-06-01','comercial@procti.com.br',1),
	(100,'vprestes@abril.com.br','2017-06-01','comercial@procti.com.br',1),
	(101,'aantunes@abril.com.br','2017-06-01','suporte@procti.com.br',2),
	(102,'ernesto.k.umemura@monsanto.com','2017-06-01','suporte@procti.com.br',2),
	(103,'ono.ls@starrett.com.br','2017-06-01','suporte@procti.com.br',2),
	(104,'cleber.rodrigues@pellegrino.com.br','2017-06-02','suporte@procti.com.br',2),
	(105,'albertino.brandao@rexam.com','2017-06-02','suporte@procti.com.br',2),
	(106,'rogerio.silva@rexam.com','2017-06-02','suporte@procti.com.br',2),
	(107,'daniel.nunes@durr.com.br','2017-06-02','suporte@procti.com.br',2),
	(108,'daniel.nunes@durr.com.br','2017-06-02','suporte@procti.com.br',2),
	(109,'arthur.b.santos@diageo.com','2017-06-02','suporte@procti.com.br',2),
	(110,'walter.schulzke@geagroup.com','2017-06-02','suporte@procti.com.br',2),
	(111,'harold.groenitz@geagroup.com','2017-06-02','suporte@procti.com.br',2),
	(112,'caio.paula@gea.com','2017-06-02','suporte@procti.com.br',2),
	(113,'luc.raeymaekers@heraeus.com','2017-06-02','suporte@procti.com.br',2),
	(114,'joao.goncalves@heraeus.com','2017-06-03','suporte@procti.com.br',2),
	(115,'cristovao.siqueira@heraeus.com','2017-06-03','suporte@procti.com.br',2),
	(116,'r.schorscher@niehoff.com.br','2017-06-03','suporte@procti.com.br',2),
	(117,'r.schorscher@niehoff.com.br','2017-06-03','suporte@procti.com.br',2),
	(118,'r.schorscher@niehoff.com.br','2017-06-03','suporte@procti.com.br',2),
	(119,'r.schorscher@niehoff.com.br','2017-06-03','suporte@procti.com.br',2),
	(120,'aguinaldo@lenovo.com','2017-06-03','suporte@procti.com.br',2),
	(121,'cleber.rodrigues@pellegrino.com.br','2017-06-03','suporte@procti.com.br',2),
	(122,'msaito@grupobimbo.com','2017-06-03','comercial@procti.com.br',3),
	(123,'daniel.nunes@durr.com.br','2017-06-03','comercial@procti.com.br',3),
	(124,'harold.groenitz@geagroup.com','2017-06-03','comercial@procti.com.br',3),
	(125,'walter.schulzke@geagroup.com','2017-06-03','comercial@procti.com.br',3),
	(126,'paula.pereira@geagroup.com','2017-06-03','comercial@procti.com.br',3),
	(127,'caio.paula@gea.com','2017-06-03','comercial@procti.com.br',3),
	(128,'luc.raeymaekers@heraeus.com','2017-06-03','comercial@procti.com.br',3),
	(129,'joao.goncalves@heraeus.com','2017-06-03','comercial@procti.com.br',3),
	(130,'cristovao.siqueira@heraeus.com','2017-06-03','comercial@procti.com.br',3),
	(131,'r.schorscher@niehoff.com.br','2017-06-03','comercial@procti.com.br',3),
	(132,'r.schorscher@niehoff.com.br','2017-06-03','comercial@procti.com.br',3),
	(133,'osilene.estevao@bonfiglioli.co','2017-06-03','comercial@procti.com.br',3),
	(134,'erenoe@aam.com','2017-06-03','comercial@procti.com.br',3),
	(135,'Helberth.Amaral@akzonobel.com','2017-06-03','comercial@procti.com.br',3),
	(136,'emerson.zanini@akzonobel.com','2017-06-03','comercial@procti.com.br',3),
	(137,'arlos.bueno@alatur.com','2017-06-03','comercial@procti.com.br',3),
	(138,'ricardo.katsuragi@alcatel.com.br','2017-06-03','comercial@procti.com.br',3),
	(139,'eraldo.benazzi@alcan.com','2017-06-03','comercial@procti.com.br',3),
	(140,'mtanaka@alcatel.com.br','2017-06-03','comercial@procti.com.br',3),
	(141,'santana_andre@allergan.com','2017-06-03','comercial@procti.com.br',3),
	(142,'isabelle.chatain@allevard-rejna.com','2017-06-03','comercial@procti.com.br',3),
	(143,'Marcio.saito@altanapharma.com.br','2017-06-03','comercial@procti.com.br',3),
	(144,'surjb@ambev.com.br','2017-06-03','comercial@procti.com.br',3),
	(145,'carolina.alencar@ambev.com.br','2017-06-03','comercial@procti.com.br',3),
	(146,'centrodeconvivencia@amejp.org.br','2017-06-03','comercial@procti.com.br',3),
	(147,'ucosta@americel.com.br','2017-06-03','comercial@procti.com.br',3),
	(148,'murad.sp@anaconda.com.br','2017-06-03','comercial@procti.com.br',3),
	(149,'heraldo.olah@cooperindustries.com','2017-06-03','comercial@procti.com.br',3),
	(150,'Celso.Moraes@cooperindustries.com','2017-06-03','comercial@procti.com.br',3),
	(151,'Glenn.Gunter@cooperindustries.com','2017-06-03','comercial@procti.com.br',3),
	(152,'cristovao.siqueira@heraeus.com','2017-06-03','comercial@procti.com.br',3),
	(153,'paula.pereira@geagroup.com','2017-06-03','comercial@procti.com.br',3),
	(154,'fcoelho@arauco.com.br','2017-06-03','comercial@procti.com.br',3),
	(155,'mtoews@arauco.com.br','2017-06-03','comercial@procti.com.br',3),
	(156,'pedromarques@uniparcarbocloro.com.br','2017-06-03','comercial@procti.com.br',3),
	(157,'eleal@casteloalimentos.com.br','2017-06-03','comercial@procti.com.br',3),
	(158,'daniel.carvalho@arcelormittal.com.br','2017-06-03','rh@procti.com.br',4),
	(159,'sandra.heck@artecola.com.br','2017-06-03','rh@procti.com.br',4),
	(160,'wallace.voll@artsana.com','2017-06-04','rh@procti.com.br',4),
	(161,'eber.coelho@artsana.com','2017-06-04','rh@procti.com.br',4),
	(162,'bgranata@autosueco.com.br','2017-06-04','rh@procti.com.br',4),
	(163,'ecorreia@autosueco.com.br','2017-06-04','rh@procti.com.br',4),
	(164,'fabio.drudi@astrazeneca.com','2017-06-04','rh@procti.com.br',4),
	(165,'renato.camargo@atento.com.br','2017-06-04','rh@procti.com.br',4),
	(166,'bruno.reis@atento.com.br','2017-06-04','rh@procti.com.br',4),
	(167,'nathalia.albuquerque@gcb.com.br','2017-06-04','rh@procti.com.br',4),
	(168,'flavio.santos@rendimento.com.br','2017-06-04','rh@procti.com.br',4),
	(169,'leandro.waideman@safra.com.br','2017-06-04','rh@procti.com.br',4),
	(170,'marcelo.araujo@safra.com.br','2017-06-04','rh@procti.com.br',4);

/*!40000 ALTER TABLE `Emails` ENABLE KEYS */;
UNLOCK TABLES;


# Dump of table State_Region
# ------------------------------------------------------------

DROP TABLE IF EXISTS `State_Region`;

CREATE TABLE `State_Region` (
  `IdStateRegion` int(11) NOT NULL AUTO_INCREMENT,
  `NameStateRegion` varchar(255) DEFAULT NULL,
  `IdCountry` int(11) DEFAULT NULL,
  PRIMARY KEY (`IdStateRegion`),
  KEY `IdCountry` (`IdCountry`),
  CONSTRAINT `TB_State_Region_ibfk_1` FOREIGN KEY (`IdCountry`) REFERENCES `TB_Country` (`IdCountry`) ON DELETE CASCADE ON UPDATE CASCADE
) ENGINE=InnoDB DEFAULT CHARSET=latin1;

LOCK TABLES `State_Region` WRITE;
/*!40000 ALTER TABLE `State_Region` DISABLE KEYS */;

INSERT INTO `State_Region` (`IdStateRegion`, `NameStateRegion`, `IdCountry`)
VALUES
	(1,'Badakhshan',1),
	(2,'Badghis',1),
	(3,'Baghlan',1),
	(4,'Balkh',1),
	(5,'Bamiyan',1),
	(6,'Daikondi',1),
	(7,'Farah',1),
	(8,'Fariab',1),
	(9,'Ghazni',1),
	(10,'Ghowr',1),
	(11,'Helmand',1),
	(12,'Herat',1),
	(13,'Jozjan',1),
	(14,'Cabul',1),
	(15,'Candaar',1),
	(16,'Kapisa',1),
	(17,'Khost',1),
	(18,'Konar',1),
	(19,'Konduz',1),
	(20,'Laghman',1),
	(21,'Logar',1),
	(22,'Nangarhar',1),
	(23,'Nimroz',1),
	(24,'Nurestão',1),
	(25,'Paktia',1),
	(26,'Paktika',1),
	(27,'Panjshir',1),
	(28,'Parwan',1),
	(29,'Samangan',1),
	(30,'Sar-i Pol',1),
	(31,'Takhar',1),
	(32,'Uruzgan',1),
	(33,'Vardak',1),
	(34,'Zabol',1),
	(35,'Cabo Ocidental',2),
	(36,'Cabo Setentrional',2),
	(37,'Cabo Oriental',2),
	(38,'Estado Livre',2),
	(39,'Gauteng',2),
	(40,'Kwazulu-Natal',2),
	(41,'Limpopo	',2),
	(42,'Mpumalanga	',2),
	(43,'Noroeste',2),
	(44,'Berat',3),
	(45,'Dibër',3),
	(46,'Durrës',3),
	(47,'Elbasani',3),
	(48,'Fier',3),
	(49,'Gjirokastër',3),
	(50,'Korçë',3),
	(51,'Kukës',3),
	(52,'Lezhë',3),
	(53,'Shkodër	',3),
	(54,'Tirana	',3),
	(55,'Vlorë',3),
	(56,'Baviera',4),
	(57,'Baden-Württemberg',4),
	(58,'Berlim\r\n',4),
	(59,'Hamburgo',4),
	(60,'Bremen',4),
	(61,'Baixa Saxônia',4),
	(62,'Renânia do Norte-Vestfália',4),
	(63,'Renânia-Palatinado',4),
	(64,'Hessen',4),
	(65,'Sarre',4),
	(66,'Schleswig-Holstein\r\n',4),
	(67,'Mecklemburgo-Pomerânia Ocidental\r\n',4),
	(68,'Brandemburgo\r\n',4),
	(69,'Saxônia',4),
	(70,'Saxônia-Anhalt\r\n',4),
	(71,'Turíngia',4),
	(72,'Andorra-a-Velha',5),
	(73,'Escaldes-Engordany',5),
	(74,'Sant Julià de Lòria',5),
	(75,'Encamp',5),
	(76,'La Massana',5),
	(77,'Santa Coloma',5),
	(78,'	Ordino',5),
	(79,'El Pas de la Casa',5),
	(80,'Canillo',5),
	(81,'Arinsal',5),
	(82,'Luanda',6),
	(83,'Huambo',6),
	(84,'	Lobito',6),
	(85,'	Benguela',6),
	(86,'	Lubango',6),
	(87,'	Lucapa',6),
	(88,'Kuito',6),
	(89,'Malanje',6),
	(90,'Namibe',6),
	(91,'Soyo',6),
	(92,'	Cabinda',6),
	(93,'	Uíge',6),
	(94,'	Tomboa',6),
	(95,'	Saurimo',6),
	(96,'	Sumbe',6),
	(97,'	Caluquembe',6),
	(98,'	Gabela',6),
	(99,'	Caxito',6),
	(100,'	Longonjo',6),
	(101,'		MBanza Kongo',6),
	(102,'Saint George',7),
	(103,'Saint John',7),
	(104,'Saint Mary',7),
	(105,'Saint Paul',7),
	(106,'Saint Peter',7),
	(107,'Saint Philip',7),
	(108,'Al Jawf ',8),
	(109,'Fronteira do Norte',8),
	(110,'Tabuk',8),
	(111,'Hail',8),
	(112,'Medina',8),
	(113,'Al Qasim',8),
	(114,'Meca',8),
	(115,'Riade',8),
	(116,'Província Oriental',8),
	(117,'Al Bahah',8),
	(118,'Asir',8),
	(119,'Jizan',8),
	(120,'Najran',8),
	(121,'Adrar',9),
	(122,'Chlef',9),
	(123,'Laghouat',9),
	(124,'Oum El Bouaghi',9),
	(125,'Batna',9),
	(126,'Béjaïa',9),
	(127,'Biskra',9),
	(128,'Béchar',9),
	(129,'Blida',9),
	(130,'Bouïra',9),
	(131,'Tamanrasset',9),
	(132,'Tébessa',9),
	(133,'Tlemcen',9),
	(134,'Tiaret',9),
	(135,'Tizi Ouzou',9),
	(136,'Argel',9),
	(137,'Djelfa',9),
	(138,'Jijel',9),
	(139,'Sétif',9),
	(140,'Saïda',9),
	(141,'Skikda',9),
	(142,'Sidi Bel Abbès',9),
	(143,'Annaba',9),
	(144,'Guelma',9),
	(145,'Constantina',9),
	(146,'Médéa',9),
	(147,'Mostaganem',9),
	(148,'MSila',9),
	(149,'Mascara',9),
	(150,'Ouargla',9),
	(151,'Orã',9),
	(152,'El Bayadh',9),
	(153,'Illizi',9),
	(154,'Bordj Bou Arréridj',9),
	(155,'Boumerdes',9),
	(156,'El Taref',9),
	(157,'Tindouf',9),
	(158,'Tissemsilt',9),
	(159,'El Oued',9),
	(160,'Khenchela',9),
	(161,'Souk Ahras',9),
	(162,'Tipaza',9),
	(163,'Mila',9),
	(164,'Ain Defla',9),
	(165,'Naâma',9),
	(166,'Ain Timouchent',9),
	(167,'Ghardaia',9),
	(168,'Relizane',9),
	(169,'Buenos Aires',10),
	(170,'Catamarca',10),
	(171,'Chaco',10),
	(172,'Chubut',10),
	(173,'Córdova',10),
	(174,'Corrientes',10),
	(175,'Entre Ríos',10),
	(176,'Formosa',10),
	(177,'Jujuy',10),
	(178,'La Pampa',10),
	(179,'La Rioja',10),
	(180,'Mendoza',10),
	(181,'Misiones',10),
	(182,'Neuquén',10),
	(183,'Río Negro',10),
	(184,'Salta',10),
	(185,'San Juan',10),
	(186,'San Luis',10),
	(187,'Santa Cruz',10),
	(188,'Santa Fé',10),
	(189,'Santiago del Estero',10),
	(190,'Terra do Fogo, Antártida e Ilhas do Atlântico Sul',10),
	(191,'Tucumán',10),
	(192,'Aragatsotn',11),
	(193,'Ararate',11),
	(194,'Armavir',11),
	(195,'Gegharkunik',11),
	(196,'Kotayk ',11),
	(197,'Lorri ',11),
	(198,'Shirak',11),
	(199,'Siunique ',11),
	(200,'Tavush',11),
	(201,'Vayots Dzor',11),
	(202,'Erevã',11),
	(203,'Austrália Ocidental',12),
	(204,'Austrália Meridional',12),
	(205,'Queensland',12),
	(206,'Nova Gales do Sul ',12),
	(207,'Victoria',12),
	(208,'Tasmânia ',12),
	(209,'Território do Norte',12),
	(210,'Território da Capital da Austrália',12),
	(211,'Território da Baía Jervis',12),
	(212,'Ilha Norfolk',12),
	(213,'Ilhas Cocos',12),
	(214,'Ilha Christmas',12),
	(215,'Ilhas Ashmore e Cartier',12),
	(216,'Ilha Heard e Ilhas McDonald',12),
	(217,'Ilhas do Mar de Coral',12),
	(218,'Território Antárctico Australiano',12),
	(219,'Burgenland',13),
	(220,'Caríntia',13),
	(221,'Baixa Áustria',13),
	(222,'Alta Áustria',13),
	(223,'Salzburgo',13),
	(224,'Estíria',13),
	(225,'Tirol',13),
	(226,'Vorarlberg',13),
	(227,'Viena',13),
	(228,'Shaki-Zaqatala',14),
	(229,'Guba-Khachmaz',14),
	(230,'Daghlig',14),
	(231,'Ganja-Gazakh',14),
	(232,'Aran',14),
	(233,'Kalbajar-Lachin',14),
	(234,'Yukhari Garabagh',14),
	(235,'Nakhchivan',14),
	(236,'Absheron',14),
	(237,'Lankaran',14),
	(238,'Acklins	',15),
	(239,'Berry Islands',15),
	(240,'Bimini	Bimini	',15),
	(241,'Black Point',15),
	(242,'Ábaco Central',15),
	(243,'Central Andros',15),
	(244,'Central Eleuthera',15),
	(245,'City of Freeport',15),
	(246,'Crooked Island',15),
	(247,'Exuma	',15),
	(248,'Grand Cay',15),
	(249,'Green Turtle Cay',15),
	(250,'Ilha Harbour',15),
	(251,'Hope Town',15),
	(252,'Inagua',15),
	(253,'Long Island',15),
	(254,'Mangrove Cay',15),
	(255,'Mayaguana',15),
	(256,'North Abaco',15),
	(257,'North Andros',15),
	(258,'North Eleuthera',15),
	(259,'Ragged Island',15),
	(260,'Rum Cay',15),
	(261,'San Salvador',15),
	(262,'South Abaco',15),
	(263,'South Andros',15),
	(264,'South Eleuthera',15),
	(265,'Spanish Wells',15),
	(266,'San Salvador',15),
	(267,'West Grand Bahama',15),
	(268,'East Grand Bahama',15),
	(269,'Rangpur',16),
	(270,'Rajshahi',16),
	(271,'Dhaka',16),
	(272,'Sylhet',16),
	(273,'Khulna',16),
	(274,'Barisal',16),
	(275,'Chittagong',16),
	(276,'Christ Church',17),
	(277,'Saint Andrew',17),
	(278,'Saint George',17),
	(279,'Saint James',17),
	(280,'Saint John',17),
	(281,'Saint Joseph',17),
	(282,'Saint Lucy',17),
	(283,'Saint Michael',17),
	(284,'Saint Peter',17),
	(285,'Saint Philip',17),
	(286,'Saint Thomas',17),
	(287,'Capital',18),
	(288,'Central',18),
	(289,'Muharraq',18),
	(290,'Norte',18),
	(291,'Sul',18),
	(292,'Antuérpia ',19),
	(293,'Brabante Flamengo ',19),
	(294,'Flandres Ocidental ',19),
	(295,'Flandres Oriental',19),
	(296,'Brabante Valão ',19),
	(297,'Hainaut ',19),
	(298,'Liège ',19),
	(299,'Luxemburgo',19),
	(300,'Namur',19),
	(301,'Limburgo ',19),
	(302,'Belize',20),
	(303,'Cayo',20),
	(304,'Corozal',20),
	(305,'Orange Walk',20),
	(306,'Stann Creek',20),
	(307,'Toledo',20),
	(308,'Alibori',21),
	(309,'Atakora',21),
	(310,'Atlantique',21),
	(311,'Borgou',21),
	(312,'Collines',21),
	(313,'Donga',21),
	(314,'Kouffo',21),
	(315,'Littoral',21),
	(316,'Mono',21),
	(317,'Oueme',21),
	(318,'Plateau',21),
	(319,'Zou',21),
	(320,'Minsk ',22),
	(321,'Brest',22),
	(322,'Homiel',22),
	(323,'Hrodna',22),
	(324,'Mahilou',22),
	(325,'Minsk',22),
	(326,'Viciebsk',22),
	(327,'El Beni',23),
	(328,'Chuquisaca',23),
	(329,'Cochabamba',23),
	(330,'La Paz',23),
	(331,'Oruro',23),
	(332,'Pando',23),
	(333,'Potosí',23),
	(334,'Santa Cruz',23),
	(335,'Tarija',23),
	(336,'Unsko-sanski kanton',24),
	(337,'Posavski kanton',24),
	(338,'Tuzlanski kanton',24),
	(339,'Zeni?ko-dobojski kanton',24),
	(340,'Bosansko-podrinjski kanton',24),
	(341,'Srednjobosanski kanton',24),
	(342,'Hercegova?ko-neretvanski kanton',24),
	(343,'Zapadnohercegova?ki kanton',24),
	(344,'Kanton br. 10 ou Zapadnobosanski kanton, Herceg-bosanski kanton',24),
	(345,'Kanton Sarajevo',24),
	(346,'Central',25),
	(347,'Ghanzi',25),
	(348,'Kgalagadi',25),
	(349,'Kgatleng',25),
	(350,'Kweneng',25),
	(351,'Nordeste',25),
	(352,'Noroeste',25),
	(353,'Sudeste',25),
	(354,'Sul',25),
	(355,'Acre ',26),
	(356,'Alagoas',26),
	(357,'Amapá ',26),
	(358,'Amazonas',26),
	(359,'Bahia ',26),
	(360,'Ceará ',26),
	(361,'Distrito Federal ',26),
	(362,'Espírito Santo ',26),
	(363,'Goiás',26),
	(364,'Maranhão',26),
	(365,'Mato Grosso',26),
	(366,'Mato Grosso do Sul ',26),
	(367,'Minas Gerais ',26),
	(368,'Pará ',26),
	(369,'Paraíba ',26),
	(370,'Paraná ',26),
	(371,'Pernambuco ',26),
	(372,'Piauí  ',26),
	(373,'Rio de Janeiro  ',26),
	(374,'Rio Grande do Norte  ',26),
	(375,'Rio Grande do Sul  ',26),
	(376,'Rondônia ',26),
	(377,'Roraima ',26),
	(378,'Rondônia ',26),
	(379,'Santa Catarina ',26),
	(380,'São Paulo ',26),
	(381,'Sergipe  ',26),
	(382,'Tocantins ',26),
	(383,'Belait',27),
	(384,'Brunei e Muara',27),
	(385,'Temburong',27),
	(386,'Tutong',27),
	(387,'Blagoevgrad',28),
	(388,'Burgas',28),
	(389,'Dobrich',28),
	(390,'Gabrovo',28),
	(391,'Khaskovo',28),
	(392,'Kurdzhali',28),
	(393,'Kyustendil',28),
	(394,'Lovech',28),
	(395,'Montana',28),
	(396,'Pazardzhik',28),
	(397,'Pernik',28),
	(398,'Pleven',28),
	(399,'Plovdiv',28),
	(400,'Plovdiv',28),
	(401,'Razgrad',28),
	(402,'Ruse',28),
	(403,'Shumen',28),
	(404,'Silistra',28),
	(405,'Sliven',28),
	(406,'Smolyan',28),
	(407,'Sófia',28),
	(408,'Stara Zagora',28),
	(409,'Turgovishte',28),
	(410,'Varna',28),
	(411,'Veliko Turnovo',28),
	(412,'Vidin',28),
	(413,'Vratsa',28),
	(414,'Yambol',28),
	(415,'Boucle du Mouhoun',29),
	(416,'Cascades',29),
	(417,'Centro',29),
	(418,'Centro-Este',29),
	(419,'Centro-Norte',29),
	(420,'Centro-Oeste',29),
	(421,'Centro-Sul',29),
	(422,'Este',29),
	(423,'Hauts-Bassins',29),
	(424,'Norte',29),
	(425,'Plateau-Central',29),
	(426,'Sahel',29),
	(427,'Sul-Oeste',29),
	(428,'Bubanza',30),
	(429,'Bujumbura Mairie',30),
	(430,'Bujumbura Rural',30),
	(431,'Bururi',30),
	(432,'Cankuzo',30),
	(433,'Cibitoke',30),
	(434,'Gitega',30),
	(435,'Karuzi',30),
	(436,'Kayanza',30),
	(437,'Kirundo',30),
	(438,'Makamba',30),
	(439,'Muramvya',30),
	(440,'Muyinga',30),
	(441,'Mwaro',30),
	(442,'Ngozi',30),
	(443,'Rutana',30),
	(444,'Ruyigi',30),
	(445,'Bumthang',31),
	(446,'Chukha',31),
	(447,'Dagana',31),
	(448,'Gasa',31),
	(449,'Haa',31),
	(450,'Lhuntse',31),
	(451,'Mongar',31),
	(452,'Paro',31),
	(453,'Pemagatshel',31),
	(454,'Punakha',31),
	(455,'Samdrup Jongkhar',31),
	(456,'Samtse',31),
	(457,'Sarpang',31),
	(458,'Thimpu',31),
	(459,'Trashigang',31),
	(460,'Trashiyangste',31),
	(461,'Trongsa',31),
	(462,'Tsirang',31),
	(463,'Wangdue Phodrang',31),
	(464,'Zhemgang',31),
	(465,'Santo Antão',32),
	(466,'São Vicente',32),
	(467,'Santa Luzia',32),
	(468,'São Nicolau',32),
	(469,'Sal',32),
	(470,'Boa Vista',32),
	(471,'Maio',32),
	(472,'Santiago',32),
	(473,'Fogo',32),
	(474,'Brava',32),
	(475,'Adamawa',33),
	(476,'Centre',33),
	(477,'Est',33),
	(478,'Extrême-Nord',33),
	(479,'Littoral',33),
	(480,'Nord',33),
	(481,'Nord-Ouest',33),
	(482,'Sud',33),
	(483,'Sud-Ouest',33),
	(484,'Ouest',33),
	(485,'Banteay Meanchey',34),
	(486,'Battambang',34),
	(487,'Kampong Cham',34),
	(488,'Kampong Chhnang',34),
	(489,'Kampong Speu',34),
	(490,'Kampong Thom',34),
	(491,'Kampot',34),
	(492,'Kandal',34),
	(493,'Keb',34),
	(494,'Koh Kong',34),
	(495,'Kratié',34),
	(496,'Mondul Kiri',34),
	(497,'Oddar Mean Cheay',34),
	(498,'Pailin',34),
	(499,'Phnom Penh',34),
	(500,'Preah Vihear',34),
	(501,'Sihanoukville',34),
	(502,'Pursat',34),
	(503,'Prey Veng',34),
	(504,'Ratanakiri',34),
	(505,'Siem Reap',34),
	(506,'Stung Treng',34),
	(507,'Svay Rieng',34),
	(508,'Takéo',34),
	(509,'Tbong Khmum',34),
	(510,'Colúmbia Britânica',35),
	(511,'Alberta',35),
	(512,'Saskatchewan',35),
	(513,'Manitoba',35),
	(514,' Ontário',35),
	(515,'Quebec',35),
	(516,'Nova Brunswick',35),
	(517,'Nova Escócia',35),
	(518,'Ilha do Príncipe Eduardo',35),
	(519,'Terra Nova e Labrador',35),
	(520,'Yukon',35),
	(521,'Territórios do Noroeste',35),
	(522,'Nunavut',35),
	(523,'Ad Dawhah',36),
	(524,'Al Khor',36),
	(525,'Al Wakrah',36),
	(526,'Ar Rayyan',36),
	(527,'Al Daayen',36),
	(528,'Madinat ash Shamal ',36),
	(529,'Umm Salal ',36),
	(530,'Almaty',37),
	(531,'Aqmola',37),
	(532,'Aqtöbe',37),
	(533,'Astana',37),
	(534,'Atyrau',37),
	(535,'Cazaquistão Oriental ',37),
	(536,'Mangghystau ',37),
	(537,'Cazaquistão do Norte ',37),
	(538,'Pavlodar ',37),
	(539,'Qaraghandy ',37),
	(540,'Qostanay ',37),
	(541,'Qyzylorda ',37),
	(542,'Cazaquistão do Sul ',37),
	(543,'Cazaquistão Ocidental  ',37),
	(544,'Jambyl ',37),
	(545,'Batha',38),
	(546,'Borkou-Ennedi-Tibesti',38),
	(547,'Chari-Baguirmi',38),
	(548,'Guéra',38),
	(549,'Kanem',38),
	(550,'Lac ',38),
	(551,'Logone Occidental ',38),
	(552,'Logone Oriental ',38),
	(553,'Mayo-Kebbi Est',38),
	(554,'Mayo-Kebbi Ouest',38),
	(555,'Moyen-Chari',38),
	(556,'Ouaddaï ',38),
	(557,'Salamat ',38),
	(558,'Tandjilé ',38),
	(559,'Ndjamena ',38),
	(560,'Wadi Fira ',38),
	(561,' Arica e Parinacota',39),
	(562,' Tarapacá',39),
	(563,'Antofagasta',39),
	(564,'Atacama',39),
	(565,'Coquimbo ',39),
	(566,'Valparaíso',39),
	(567,'Região Metropolitana de Santiago ',39),
	(568,'OHiggins',39),
	(569,'Maule -',39),
	(570,' Biobío ',39),
	(571,'Araucanía',39),
	(572,'Los Rios',39),
	(573,' Los Lagos',39),
	(574,'Aisén ',39),
	(575,' Magalhães e Antártica ',39),
	(576,'Ainão',40),
	(577,'Anhui',40),
	(578,'Cantão',40),
	(579,'Chequião',40),
	(580,'Chinghai',40),
	(581,'Fuquiém',40),
	(582,'Gansu	',40),
	(583,'Guizhou',40),
	(584,'Heilongjiang',40),
	(585,'Henan',40),
	(586,'Hopei',40),
	(587,'Hubei',40),
	(588,'Hunan',40),
	(589,'Jiangsu',40),
	(590,'Jiangxi',40),
	(591,'Jilin',40),
	(592,'Liaoning',40),
	(593,'Sujuão',40),
	(594,'Xantungue',40),
	(595,'Xanxim',40),
	(596,'Xianxim',40),
	(597,'Yunnan',40),
	(598,'Famagusta',41),
	(599,'Cirênia',41),
	(600,'Lárnaca',41),
	(601,'Limassol',41),
	(602,'Nicósia',41),
	(603,'Pafos',41),
	(604,'Distrito Capital',42),
	(605,'Amazonas',42),
	(606,'Antioquia',42),
	(607,'Arauca',42),
	(608,'Atlántico',42),
	(609,'Bolívar',42),
	(610,'Boyacá',42),
	(611,'Caldas',42),
	(612,'Caquetá',42),
	(613,'Casanare',42),
	(614,'Cauca',42),
	(615,'Cesar',42),
	(616,'Chocó',42),
	(617,'Córdoba',42),
	(618,'Cundinamarca',42),
	(619,'Guainía',42),
	(620,'Guaviare',42),
	(621,'Huila',42),
	(622,'La Guajira',42),
	(623,'Magdalena',42),
	(624,'Meta',42),
	(625,'Nariño',42),
	(626,'Norte de Santander',42),
	(627,'Putumayo',42),
	(628,'Quindío',42),
	(629,'Risaralda',42),
	(630,'San Andrés e Providencia',42),
	(631,'Santander',42),
	(632,'Sucre',42),
	(633,'Tolima',42),
	(634,'Valle del Cauca',42),
	(635,'Vaupés',42),
	(636,'Vichada',42),
	(637,'Grande Comore',43),
	(638,'Anjouan',43),
	(639,'Mohéli ',43),
	(640,'Bouenza',44),
	(641,'Brazzaville',44),
	(642,'Cuvette ',44),
	(643,'Cuvette-Ouest ',44),
	(644,'Kouilou ',44),
	(645,'Lékoumou',44),
	(646,'Niari ',44),
	(647,'Plateaux ',44),
	(648,'Pointe-Noire ',44),
	(649,'Sangha ',44),
	(650,'Pyongyang',45),
	(651,'Rajin-si',45),
	(652,'Região Industrial de Kaesong',45),
	(653,'Região Turística de Kumgang-san',45),
	(654,'Região Administrativa Especial de Shinuiju',45),
	(655,'Chagang',45),
	(656,'Pyongan Norte',45),
	(657,'Pyongan Sul',45),
	(658,'Hwanghae Sul',45),
	(659,'Hwanghae Norte',45),
	(660,'Kangwon',45),
	(661,'Hamgyong Sul',45),
	(662,'Hamgyong Norte',45),
	(663,'Ryanggang',45),
	(664,'Seul',46),
	(665,'Busan',46),
	(666,' Daegu',46),
	(667,'Incheon',46),
	(668,'Gwangju',46),
	(669,'Daejeon',46),
	(670,'Ulsan',46),
	(671,'Sejong',46),
	(672,'Gyeonggi',46),
	(673,'Gangwon',46),
	(674,'Chungcheong do Norte',46),
	(675,'Chungcheong do Sul',46),
	(676,'Jeolla do Norte',46),
	(677,'Jeolla do Sul',46),
	(678,'Gyeongsang do Norte	',46),
	(679,'Gyeongsang do Sul',46),
	(680,'Jeju',46),
	(681,'Distrito de ?akovica',47),
	(682,'Distrito de Gnjilane',47),
	(683,'Distrito de Kosovska Mitrovica',47),
	(684,'Distrito de Pec',47),
	(685,'Distrito de Pritina',47),
	(686,'Distrito de Prizren',47),
	(687,'Distrito de Uroevac',47),
	(688,'Agnéby',48),
	(689,'Bafing',48),
	(690,'Bas-Sassandra',48),
	(691,'Dix-Huit Montagnes',48),
	(692,'Fromager',48),
	(693,'Haut-Sassandra',48),
	(694,'Lacs',48),
	(695,'Lagunes',48),
	(696,'Marahoué',48),
	(697,'Moyen-Cavally',48),
	(698,'Moyen-Comoe',48),
	(699,'Nzi-Comoe',48),
	(700,'Savanes',48),
	(701,'Sud-Bandama',48),
	(702,'Sud-Comoé	',48),
	(703,'Vallée du Bandama',48),
	(704,'Worodougou',48),
	(705,'Zanzan',48),
	(706,'Puntarenas',49),
	(707,'Guanacaste',49),
	(708,'Alajuela',49),
	(709,'Limón',49),
	(710,'San José',49),
	(711,'Cartago',49),
	(712,'Heredia',49),
	(713,'Condado de Zagreb',50),
	(714,'Krapina-Zagorje',50),
	(715,'Sisak-Moslavina',50),
	(716,'Karlovac',50),
	(717,'Varadin',50),
	(718,'Koprivnica-Krievci',50),
	(719,'Bjelovar-Bilogora',50),
	(720,'Me?imurje',50),
	(721,'Cidade de Zagreb',50),
	(722,'Primorje-Gorski Kotar',50),
	(723,'Lika-Senj',50),
	(724,'Ístria',50),
	(725,'Virovitica-Podravina',50),
	(726,'Poega-Eslavônia',50),
	(727,'Brod-Posavina',50),
	(728,'Osijek-Baranja',50),
	(729,'Vukovar-Syrmia',50),
	(730,'Zadar',50),
	(731,'ibenik-Knin',50),
	(732,'Split-Dalmácia',50),
	(733,'Dubrovnik-Neretva',50),
	(734,'Al Ahmadi',51),
	(735,'Al Asimah',51),
	(736,'AL Farwaniyah',51),
	(737,'Al Jahra',51),
	(738,'Hawalli',51),
	(739,'Mubarak Al-Kabeer',51),
	(740,'Pinar del Río',52),
	(741,'Artemisa',52),
	(742,'Cidade de Havana',52),
	(743,'Mayabeque ',52),
	(744,'Matanzas ',52),
	(745,'Cienfuegos ',52),
	(746,'Villa Clara ',52),
	(747,'Sancti Spíritus ',52),
	(748,'Ciego de Ávila',52),
	(749,'Camagüey',52),
	(750,'Las Tunas',52),
	(751,'Granma ',52),
	(752,'Holguín ',52),
	(753,'Santiago de Cuba ',52),
	(754,'Guantánamo',52),
	(755,'Isla de la Juventud ',52),
	(756,'Condado de Copenhaga',53),
	(757,'Condado de Frederiksborg',53),
	(758,'Condado de Roskilde',53),
	(759,'Condado da Zelândia Ocidental ',53),
	(760,'Condado de Storstrom',53),
	(761,'Condado da Fiónia',53),
	(762,'Condado da Jutlândia do Sul',53),
	(763,'Condado de Ribe',53),
	(764,'Condado de Vejle',53),
	(765,'Condado de Ringkobing',53),
	(766,'Condado de Viborg',53),
	(767,'Condado de Jutlândia do Norte',53),
	(768,'Condado de Arhus',53),
	(769,'Saint Andrew',54),
	(770,'Saint David',54),
	(771,'Saint George',54),
	(772,'Saint John ',54),
	(773,'Saint Joseph',54),
	(774,'Saint Luke',54),
	(775,'Saint Mark',54),
	(776,'Saint Patrick',54),
	(777,'Saint Paul',54),
	(778,'Saint Peter',54),
	(779,'Dakahlia',55),
	(780,'Mar Vermelho',55),
	(781,'Al-Buhaira',55),
	(782,'Faium',55),
	(783,'Garbia',55),
	(784,'Alexandria',55),
	(785,'Ismaília',55),
	(786,'Guizé',55),
	(787,'Monufia',55),
	(788,'Minya',55),
	(789,'Cairo',55),
	(790,'Qaliubia',55),
	(791,'Luxor',55),
	(792,'Vale Novo',55),
	(793,'Xarqia',55),
	(794,'Suez',55),
	(795,'Assuão',55),
	(796,'Assiut',55),
	(797,'Beni Suef',55),
	(798,'Porto Said',55),
	(799,'Damieta',55),
	(800,'Sinai do Sul',55),
	(801,'Kafr el-Sheikh',55),
	(802,'Matruh',55),
	(803,'Qina',55),
	(804,'Sinai do Norte',55),
	(805,'Sohag',55),
	(806,'Abu Dhabi',56),
	(807,'Ajman',56),
	(808,'Dubai',56),
	(809,'Fujairah',56),
	(810,'Ras al-Khaimah',56),
	(811,'Umm al-Quwain',56),
	(812,'Azuay',57),
	(813,'Bolívar',57),
	(814,'Cañar',57),
	(815,'Carchi',57),
	(816,'Cotopaxi',57),
	(817,'Chimborazo',57),
	(818,'Imbabura',57),
	(819,'Loja',57),
	(820,'Pichincha',57),
	(821,'Tungurahua',57),
	(822,'El Oro',57),
	(823,'Esmeraldas',57),
	(824,'Guayas',57),
	(825,'Los Ríos',57),
	(826,'Manabí',57),
	(827,'Morona-Santiago',57),
	(828,'Napo',57),
	(829,'Pastaza',57),
	(830,'Zamora-Chinchipe',57),
	(831,'Sucumbíos',57),
	(832,'Orellana',57),
	(833,'Galápagos',57),
	(834,'Anseba',58),
	(835,'Maekel',58),
	(836,'Gash-Barka',58),
	(837,'Semien-Keih-Bahri',58),
	(838,'Debub',58),
	(839,'Debub-Keih-Bahri',58),
	(840,'Bratislava ',59),
	(841,'Trnava ',59),
	(842,'Tren?ín',59),
	(843,'Nitra',59),
	(844,'ilina',59),
	(845,'Banská Bystrica ',59),
	(846,'Preov ',59),
	(847,'Koice ',59),
	(848,'Alta Carniola',60),
	(849,'Gorika',60),
	(850,'Jugovzhodna Slovenija',60),
	(851,'Koroka',60),
	(852,'Notranjsko-kraka',60),
	(853,'Obalno-kraka',60),
	(854,'Osrednjeslovenska',60),
	(855,'Podravska',60),
	(856,'Pomurska',60),
	(857,'Savinjska',60),
	(858,'Spodnjeposavska',60),
	(859,'Zasavska',60),
	(860,'Andaluzia',61),
	(861,'Aragão',61),
	(862,'Astúrias',61),
	(863,'Baleares',61),
	(864,'País Basco',61),
	(865,'Ilhas Canárias',61),
	(866,'Cantábria',61),
	(867,'Catalunha',61),
	(868,'Castela-Mancha',61),
	(869,'Castela e Leão',61),
	(870,'Estremadura',61),
	(871,'Galiza',61),
	(872,'La Rioja',61),
	(873,'Comunidade autónoma de Madrid',61),
	(874,'Região de Múrcia',61),
	(875,'Comunidade Valenciana',61),
	(876,'Província de Jenin',62),
	(877,'Província de Tubas',62),
	(878,'Província de Nablus',62),
	(879,'Província de Tulkarm',62),
	(880,'Província de Salfit',62),
	(881,'Província de Qalqilya',62),
	(882,'Província de Ramallah and al-Bireh',62),
	(883,'Província de Jericho',62),
	(884,'Província de Jerusalem',62),
	(885,'Província de Bethlehem',62),
	(886,'Província de Hebron',62),
	(887,'Província de North',62),
	(888,'Província de Gaza',62),
	(889,'Província de Deir el-Balah',62),
	(890,'Província de Khan Yunis',62),
	(891,'Província de Rafah',62),
	(892,'Alabama',63),
	(893,'Alasca',63),
	(894,'Arcansas',63),
	(895,'Arizona',63),
	(896,'Califórnia',63),
	(897,'Cansas',63),
	(898,'Carolina do Norte',63),
	(899,'Carolina do Sul',63),
	(900,'Colorado',63),
	(901,'Conecticute/Coneticute',63),
	(902,'Dacota do Norte',63),
	(903,'Dacota do Sul',63),
	(904,'Delaware',63),
	(905,'Flórida',63),
	(906,'Geórgia/Jórgia',63),
	(907,'Havaí/Havai',63),
	(908,'Idaho',63),
	(909,'Ilha de Rodes',63),
	(910,'Ilinóis',63),
	(911,'Indiana',63),
	(912,'Iowa',63),
	(913,'Kentucky',63),
	(914,'Luisiana',63),
	(915,'Maine',63),
	(916,'Marilândia',63),
	(917,'Massachusetts',63),
	(918,'Míchigan/Michigão',63),
	(919,'Minesota',63),
	(920,'Mississípi',63),
	(921,'Missúri',63),
	(922,'Montana',63),
	(923,'Nebrasca',63),
	(924,'Nevada',63),
	(925,'Nova Hampshire',63),
	(926,'Nova Jérsei/Nova Jérsia',63),
	(927,'Nova Iorque',63),
	(928,'Novo México',63),
	(929,'Oclaoma',63),
	(930,'Ohio',63),
	(931,'Pensilvânia',63),
	(932,'Tenessi',63),
	(933,'Texas',63),
	(934,'Utá',63),
	(935,'Vermonte',63),
	(936,'Virgínia',63),
	(937,'Virgínia Ocidental',63),
	(938,'Washington',63),
	(939,'Wisconsin',63),
	(940,'Wyoming',63),
	(941,'Harjumaa ',64),
	(942,'Hiiumaa',64),
	(943,'Ida-Virumaa',64),
	(944,'Järvamaa ',64),
	(945,'Jõgevamaa ',64),
	(946,'Läänemaa ',64),
	(947,'Lääne-Virumaa',64),
	(948,'Pärnumaa',64),
	(949,'Põlvamaa',64),
	(950,'Raplamaa',64),
	(951,'Saaremaa',64),
	(952,'Tartumaa',64),
	(953,'Valgamaa ',64),
	(954,'Viljandimaa',64),
	(955,'Võrumaa',64),
	(956,'Adis Abeba ',65),
	(957,'Afar',65),
	(958,'Amhara',65),
	(959,'Benishangul-Gumaz',65),
	(960,'Dire Dawa ',65),
	(961,'Gambela',65),
	(962,'Harari',65),
	(963,'Oromia',65),
	(964,'Região Somali',65),
	(965,'Região das Nações, Nacionalidades e Povos do Sul',65),
	(966,'Região Tigré',65),
	(967,'Suva',66),
	(968,'Labasa',66),
	(969,'Levuka',66),
	(970,'Lautoka',66),
	(971,'Rotuma ',66),
	(972,'Ilocos',67),
	(973,'Cagayan Valley',67),
	(974,'Central Luzon ',67),
	(975,'CALABARZON ',67),
	(976,'MIMAROPA ',67),
	(977,'Bicol',67),
	(978,'Visayas Ocidental',67),
	(979,'Visayas Central',67),
	(980,'Visayas Oriental',67),
	(981,'Península Zabaonga',67),
	(982,'Minadau do Norte ',67),
	(983,'Davao',67),
	(984,'SOCCSKSARGEN',67),
	(985,'Caraga',67),
	(986,'Região Autónoma Muçulmana de Mindanau',67),
	(987,'Região Administrativa de Cordillera ',67),
	(988,'Região da Capital Nacional',67),
	(989,'El Cabron',67),
	(990,'Finlândia Meridional',68),
	(991,'Finlândia Ocidental',68),
	(992,'Finlândia Oriental',68),
	(993,'Oulu',68),
	(994,'Lapónia',68),
	(995,'Åland ',68),
	(996,'Alsácia',69),
	(997,'Alta-Normandia',69),
	(998,'Aquitânia',69),
	(999,'Auvergne',69),
	(1000,'Baixa-Normandia',69),
	(1001,'Borgonha ',69),
	(1002,' Bretanha',69),
	(1003,'Centro',69),
	(1004,'Champagne-Ardenne',69),
	(1005,'Córsega',69),
	(1006,'Franche-Comté',69),
	(1007,' Île-de-France - Paris',69),
	(1008,'Languedoc-Roussillon',69),
	(1009,'Limousin',69),
	(1010,'Lorena',69),
	(1011,'Midi-Pyrénées ',69),
	(1012,'Nord-Pas-de-Calais',69),
	(1013,'Pays de la LoireEl Cabron',69),
	(1014,' Picardia',69),
	(1015,'Poitou-Charentes',69),
	(1016,'Provença-Alpes-Costa Azul',69),
	(1017,'Ródano-Alpes',69),
	(1018,'Luisiana',69),
	(1019,'Estuaire',70),
	(1020,'Haut-Ogooué',70),
	(1021,'Moyen-Ogooué',70),
	(1022,'Ngounié',70),
	(1023,'Nyanga',70),
	(1024,'Ogooué-Ivindo ',70),
	(1025,'Ogooué-Lolo',70),
	(1026,'Ogooué-Maritime',70),
	(1027,'Woleu-Ntem',70),
	(1028,'Banjul ',71),
	(1029,'Lower River',71),
	(1030,'Central River',71),
	(1031,'North Bank',71),
	(1032,'Upper River',71),
	(1033,'Western ',71),
	(1034,'Upper East ',72),
	(1035,'Upper West',72),
	(1036,'Northern',72),
	(1037,'Volta',72),
	(1038,'Ashanti',72),
	(1039,'Western',72),
	(1040,'Central',72),
	(1041,'Greater Accra',72),
	(1042,'Eastern',72),
	(1043,'Abecásia ',73),
	(1044,'Samegrelo-Svanétia Superior',73),
	(1045,'Guria',73),
	(1046,'Abjazia',73),
	(1047,'Racha-Lechumi\r\ne Svanétia Inferior',73),
	(1048,'Imerícia',73),
	(1049,'Samtsche-Javacheti',73),
	(1050,'Cártlia Interior',73),
	(1051,'Eastern',73),
	(1052,'Cachétia',73),
	(1053,'Tíflis',73),
	(1054,'Saint Andrew',74),
	(1055,'Saint David',74),
	(1056,'Saint George',74),
	(1057,'Saint John',74),
	(1058,'Saint Mark',74),
	(1059,'Saint Patrick',74),
	(1060,'Ática',75),
	(1061,'Grécia Central',75),
	(1062,'Macedônia Central',75),
	(1063,'Creta',75),
	(1064,'Macedônia Oriental e Trácia',75),
	(1065,'Epiro',75),
	(1066,'Ilhas Jônicas',75),
	(1067,'Egeu Setentrional',75),
	(1068,'Peloponeso',75),
	(1069,'Egeu Meridional',75),
	(1070,'Tessália',75),
	(1071,'Grécia Ocidental',75),
	(1072,'Macedônia Ocidental',75),
	(1073,'Alta Verapaz',76),
	(1074,'Baja Verapaz',76),
	(1075,'Chimaltenango',76),
	(1076,'Chiquimula',76),
	(1077,'El Petén',76),
	(1078,'El Progreso',76),
	(1079,'El Quiché ',76),
	(1080,'Escuintla',76),
	(1081,'Guatemala',76),
	(1082,'Huehuetenango',76),
	(1083,'Izabal',76),
	(1084,'Jalapa ',76),
	(1085,'Quetzaltenango  ',76),
	(1086,'Retalhuleu  ',76),
	(1087,'Sacatepéquez ',76),
	(1088,'San Marcos ',76),
	(1089,'Santa Rosa ',76),
	(1090,'Sololá ',76),
	(1091,'Suchitepéquez ',76),
	(1092,'Sololá ',76),
	(1093,'Totonicapán ',76),
	(1094,'Zacapa',76),
	(1095,'Barima-Waini',77),
	(1096,'Cuyuni-Mazaruni ',77),
	(1097,'Demerara-Mahaica',77),
	(1098,'Berbice Oriental-Corentyne',77),
	(1099,'Ilhas Essequibo-Demerara Ocidental',77),
	(1100,'Mahaica-Berbice',77),
	(1101,'Pomeroon-Supenaam ',77),
	(1102,'Potaro-Siparuni',77),
	(1103,'Alto Takutu-Alto Essequibo',77),
	(1104,'Alto Demerara-Berbice',77),
	(1105,'Boké',78),
	(1106,'Conakry',78),
	(1107,'Faranah',78),
	(1108,'Kankan',78),
	(1109,'Kindia',78),
	(1110,'Labé',78),
	(1111,'Mamou ',78),
	(1112,'Nzérékoré',78),
	(1113,'Annobón',79),
	(1114,'Bioko Norte',79),
	(1115,'Bioko Sur ',79),
	(1116,'Centro Sur ',79),
	(1117,'Kie Ntem',79),
	(1118,'Litoral',79),
	(1119,'Wele Nzas',79),
	(1120,'Bafatá ',80),
	(1121,'Biombo',80),
	(1122,'Bolama ',80),
	(1123,'Cacheu',80),
	(1124,'Gabu ',80),
	(1125,'Oio ',80),
	(1126,'Tombali ',80),
	(1127,'Bissau',80),
	(1128,'Artibonite ',81),
	(1129,'Centro',81),
	(1130,'Grande Enseada ',81),
	(1131,'Nippes ',81),
	(1132,'Norte ',81),
	(1133,'Nordeste',81),
	(1134,'Noroeste',81),
	(1135,'Sudeste',81),
	(1136,'Sul',81),
	(1137,'Oeste',81),
	(1138,'Atlántida  ',82),
	(1139,'Choluteca',82),
	(1140,'Colón  ',82),
	(1141,'Comayagua',82),
	(1142,'Copán ',82),
	(1143,'Cortés ',82),
	(1144,'El Paraíso',82),
	(1145,'Francisco Morazán ',82),
	(1146,'Gracias a Dios ',82),
	(1147,'Intibucá ',82),
	(1148,'Islas de la Bahía ',82),
	(1149,'La Paz ',82),
	(1150,'Lempira ',82),
	(1151,'Ocotepeque',82),
	(1152,'Olancho ',82),
	(1153,'Santa Bárbara',82),
	(1154,'Valle ',82),
	(1155,'Yoro ',82),
	(1156,'Budapeste',83),
	(1157,'Bács-Kiskun',83),
	(1158,'Baranya',83),
	(1159,'Békés',83),
	(1160,'Borsod-Abaúj-Zemplén',83),
	(1161,'Csongrád',83),
	(1162,'Fejér',83),
	(1163,'Gy?r-Moson-Sopron ',83),
	(1164,'Hajdú-Bihar',83),
	(1165,'Heves',83),
	(1166,'Jász-Nagykun-Szolnok ',83),
	(1167,'Komárom-Esztergom',83),
	(1168,'Nógrád',83),
	(1169,'Pest',83),
	(1170,'Somogy ',83),
	(1171,'Szabolcs-Szatmár-Bereg',83),
	(1172,'Tolna',83),
	(1173,'Veszprém',83),
	(1174,'Zala',83),
	(1175,'Vas',83),
	(1176,'Abyan',84),
	(1177,'Áden',84),
	(1178,'Ad Dali',84),
	(1179,'Al Bayda',84),
	(1180,'Al Hudaydah',84),
	(1181,'Al Jawf',84),
	(1182,'Al Mahra',84),
	(1183,'Al Mahwit',84),
	(1184,'Amran',84),
	(1185,'Dhamar',84),
	(1186,'Hadramaute',84),
	(1187,'Hajjah',84),
	(1188,'Ibb',84),
	(1189,'Lahij',84),
	(1190,'Marib ',84),
	(1191,'Sadah',84),
	(1192,'Sana',84),
	(1193,'Shabwa',84),
	(1194,'Taizz',84);

/*!40000 ALTER TABLE `State_Region` ENABLE KEYS */;
UNLOCK TABLES;


# Dump of table Users
# ------------------------------------------------------------

DROP TABLE IF EXISTS `Users`;

CREATE TABLE `Users` (
  `IdUser` int(11) NOT NULL AUTO_INCREMENT,
  `NameUser` varchar(255) DEFAULT NULL,
  `EmailUser` varchar(100) DEFAULT NULL,
  `PhoneNumber` varchar(20) DEFAULT NULL,
  `IdAccount` int(11) NOT NULL,
  `password` varchar(255) DEFAULT NULL,
  `Admin` tinyint(1) DEFAULT NULL,
  `Confirmed` int(1) DEFAULT NULL,
  PRIMARY KEY (`IdUser`)
) ENGINE=InnoDB DEFAULT CHARSET=latin1;

LOCK TABLES `Users` WRITE;
/*!40000 ALTER TABLE `Users` DISABLE KEYS */;

INSERT INTO `Users` (`IdUser`, `NameUser`, `EmailUser`, `PhoneNumber`, `IdAccount`, `password`, `Admin`, `Confirmed`)
VALUES
	(1,'Sidnei Tertuliano Junior','stertuliano@gmail.com',NULL,1,'$2y$10$exwcnaFaeveb.9VIbl5a2.ld3Qc/x7XdY6N.e8DpYjtEhuOylxi4O',0,NULL),
	(2,'Sidinho','stertuliano1@gmail.com',NULL,1,'$2y$10$iD28LPcAtC53QjSwXPwQMel62JA5RZJjmcjEBNLdwheVzDyMLojMS',0,NULL);

/*!40000 ALTER TABLE `Users` ENABLE KEYS */;
UNLOCK TABLES;



/*!40111 SET SQL_NOTES=@OLD_SQL_NOTES */;
/*!40101 SET SQL_MODE=@OLD_SQL_MODE */;
/*!40014 SET FOREIGN_KEY_CHECKS=@OLD_FOREIGN_KEY_CHECKS */;
/*!40101 SET CHARACTER_SET_CLIENT=@OLD_CHARACTER_SET_CLIENT */;
/*!40101 SET CHARACTER_SET_RESULTS=@OLD_CHARACTER_SET_RESULTS */;
/*!40101 SET COLLATION_CONNECTION=@OLD_COLLATION_CONNECTION */;
